3002062,1714072,1646550,1530585,1542870,1563975,1651973,1501987,1496925,1529527,1573650,1591042,1569307,1465493,1604047,
2502113,1580265,1574033,1469768,1545773,1518008,1482345,1591830,1468102,1479127,1483740,1586048,1442092,1603598,1564875,
1535917,1583798,1627357,1649948,1481490,1598692,1595115,1448325,1571782,1523093,1527300,1460723,1535850,1458450,1549777,
1668015,1509592,1539113,1534522,1577880,1504035,1608367,1530427,1510290,1555830,1600335,1491840,1553850,1546177,1471950,
2158695,2052607,2038567,2038500,2001780,1959840,2107080,1714950,2252700,2204347,2134305,2154915,2022165,1820250,2240797,
4441883,3410910,3107678,3336952,3413610,3202605,3120930,2922345,3132023,2841615,3356572,3125768,3182693,3057345,2829083,
7185037,4890532,5312093,5146043,4866435,4440308,4564125,4318718,4309605,4282020,4183853,4148257,3959235,4356698,3830917,
6916433,7769588,7511467,7293960,7864042,8049533,7505370,7801897,7538917,7519005,7555388,8401860,8390723,8647987,8908672,
8442855,8540842,8864482,8530245,8937203,8669363,8448165,8486730,8887748,8333123,8385345,8429558,8529840,8338410,8528738,
9064620,8835998,9021038,8704102,8541450,8885160,8378978,8776440,8226923,8708333,8665965,8386155,8635882,8313818,8063100,
8818267,8418172,8061368,8579340,8728807,8361247,8283173,7878172,7721550,7639448,7898580,7794247,7779308,7841092,7627658,
13989397,8468663,8391285,8202082,8327363,8490038,8474040,8564985,8096175,8177963,8174902,8258288,8471498,8263305,8043997,
9130635,9474458,9232178,9367493,9557302,9333293,9280035,9213795,9296167,9382815,9308227,9312075,9090990,9237960,9375457,
11145892,10908360,11411212,11279587,11304090,11459610,11421653,11380252,11258168,11540340,11144025,11483910,12448688,12567060,12962318,
58847918,16514730,15391867,15399293,15442515,15428542,15307762,15510262,15394275,15174810,15269760,15339937,15762218,16048958,16283497,
23378017,23007938,23396940,22981342,22806945,23474407,23189153,23358128,23197073,23687977,23932643,23422568,24869565,23831347,24192180,
223402680,35277278,32448960,33970522,39928905,40804898,40432230,40725247,40542728,41236987,39390030,40020682,39971250,40536720,42810862,
71785012,73738575,72597780,72036563,71973337,73122008,73067738,72375637,71134470,71968837,72998820,72682448,73629157,72734760,72392220,
611591288,142676685,139453042,139293180,138665947,139306455,139557982,137622218,138043890,137489288,138262883,138915247,138260632,137577397,139371705,
1203285735,274977225,266521140,265289288,272453468,266103923,266287410,265787617,266100503,269116065,266892255,269487090,268699342,269131815,267576997,
521595990,522858960,522137542,521793315,524549812,520095982,521834288,522484065,529834185,527649818,524324385,524047185,523449630,522317475,523467810,
1035454838,1038886470,1037492708,1029293370,1031999693,1034014545,1026700492,1034438940,1033992022,1034540888,1031491170,1033742363,1035191767,1033700445,1033170998,
8417721217,2116592055,2055363458,2056293810,2052955147,2049907837,2049680475,2053147050,2051987715,2052874823,2049130508,2053010723,2049570225,2053374638,2052696488,
4115526368,4119128100,4103223930,4107682350,4099932157,4110789893,4104321165,4117483327,4104307912,4102113420,4108724010,4113627682,4123302503,4124081993,4113361553,
30596400270,8404395075,8171843040,8163275490,8164447178,8168690003,8159548095,8154013275,8164007302,8174755958,8163940860,8164862708,8167805752,8155416533,8158330957,
61370010945,16827405143,16321721647,16309530405,16337513677,16315981222,16325815905,16332107063,16326889267,16333386997,16332245663,16334599185,16334749463,16333929090,16341247125,
118036924763,33452959477,32584604985,32604896317,32561203365,32595056955,32611446337,32620179082,32652353745,32616449302,32623693673,32665593982,32622068115,32659689510,32633734545,
144138871530,126225900743,66949628355,65499562170,65394788378,65506043993,65422401885,65403503663,65401020360,65412917303,65413649812,65404257075,65483565795,65408888363,65400155100,
